ref_area.label,indicator.label,source.label,sex.label,classif1.label,time,obs_value
Afghanistan,SDG indicator 1.1.1 - Working poverty rate (percentage of employed living below US$1.90 PPP) (%),ILO - ILO Modelled Estimates,Sex: Total,"Age (Youth, adults): 15-24",2019,40.95
Angola,SDG indicator 1.1.1 - Working poverty rate (percentage of employed living below US$1.90 PPP) (%),ILO - ILO Modelled Estimates,Sex: Total,"Age (Youth, adults): 15-24",2019,53.11
Albania,SDG indicator 1.1.1 - Working poverty rate (percentage of employed living below US$1.90 PPP) (%),ILO - ILO Modelled Estimates,Sex: Total,"Age (Youth, adults): 15-24",2019,0.66
United Arab Emirates,SDG indicator 1.1.1 - Working poverty rate (percentage of employed living below US$1.90 PPP) (%),ILO - ILO Modelled Estimates,Sex: Total,"Age (Youth, adults): 15-24",2019,0
Argentina,SDG indicator 1.1.1 - Working poverty rate (percentage of employed living below US$1.90 PPP) (%),ILO - ILO Modelled Estimates,Sex: Total,"Age (Youth, adults): 15-24",2019,0.1
Armenia,SDG indicator 1.1.1 - Working poverty rate (percentage of employed living below US$1.90 PPP) (%),ILO - ILO Modelled Estimates,Sex: Total,"Age (Youth, adults): 15-24",2019,0.45
Azerbaijan,SDG indicator 1.1.1 - Working poverty rate (percentage of employed living below US$1.90 PPP) (%),ILO - ILO Modelled Estimates,Sex: Total,"Age (Youth, adults): 15-24",2019,0.01
Burundi,SDG indicator 1.1.1 - Working poverty rate (percentage of employed living below US$1.90 PPP) (%),ILO - ILO Modelled Estimates,Sex: Total,"Age (Youth, adults): 15-24",2019,78.81
Benin,SDG indicator 1.1.1 - Working poverty rate (percentage of employed living below US$1.90 PPP) (%),ILO - ILO Modelled Estimates,Sex: Total,"Age (Youth, adults): 15-24",2019,44.43
Burkina Faso,SDG indicator 1.1.1 - Working poverty rate (percentage of employed living below US$1.90 PPP) (%),ILO - ILO Modelled Estimates,Sex: Total,"Age (Youth, adults): 15-24",2019,34.58
Bangladesh,SDG indicator 1.1.1 - Working poverty rate (percentage of employed living below US$1.90 PPP) (%),ILO - ILO Modelled Estimates,Sex: Total,"Age (Youth, adults): 15-24",2019,6.33
Bahamas,SDG indicator 1.1.1 - Working poverty rate (percentage of employed living below US$1.90 PPP) (%),ILO - ILO Modelled Estimates,Sex: Total,"Age (Youth, adults): 15-24",2019,0
Bosnia and Herzegovina,SDG indicator 1.1.1 - Working poverty rate (percentage of employed living below US$1.90 PPP) (%),ILO - ILO Modelled Estimates,Sex: Total,"Age (Youth, adults): 15-24",2019,0.03
Belarus,SDG indicator 1.1.1 - Working poverty rate (percentage of employed living below US$1.90 PPP) (%),ILO - ILO Modelled Estimates,Sex: Total,"Age (Youth, adults): 15-24",2019,0.16
Belize,SDG indicator 1.1.1 - Working poverty rate (percentage of employed living below US$1.90 PPP) (%),ILO - ILO Modelled Estimates,Sex: Total,"Age (Youth, adults): 15-24",2019,11.42
Bolivia,SDG indicator 1.1.1 - Working poverty rate (percentage of employed living below US$1.90 PPP) (%),ILO - ILO Modelled Estimates,Sex: Total,"Age (Youth, adults): 15-24",2019,6.56
Brazil,SDG indicator 1.1.1 - Working poverty rate (percentage of employed living below US$1.90 PPP) (%),ILO - ILO Modelled Estimates,Sex: Total,"Age (Youth, adults): 15-24",2019,1.9
Barbados,SDG indicator 1.1.1 - Working poverty rate (percentage of employed living below US$1.90 PPP) (%),ILO - ILO Modelled Estimates,Sex: Total,"Age (Youth, adults): 15-24",2019,0.03
Brunei Darussalam,SDG indicator 1.1.1 - Working poverty rate (percentage of employed living below US$1.90 PPP) (%),ILO - ILO Modelled Estimates,Sex: Total,"Age (Youth, adults): 15-24",2019,0
Bhutan,SDG indicator 1.1.1 - Working poverty rate (percentage of employed living below US$1.90 PPP) (%),ILO - ILO Modelled Estimates,Sex: Total,"Age (Youth, adults): 15-24",2019,1.44
Botswana,SDG indicator 1.1.1 - Working poverty rate (percentage of employed living below US$1.90 PPP) (%),ILO - ILO Modelled Estimates,Sex: Total,"Age (Youth, adults): 15-24",2019,13.39
Central African Republic,SDG indicator 1.1.1 - Working poverty rate (percentage of employed living below US$1.90 PPP) (%),ILO - ILO Modelled Estimates,Sex: Total,"Age (Youth, adults): 15-24",2019,65.91
Chile,SDG indicator 1.1.1 - Working poverty rate (percentage of employed living below US$1.90 PPP) (%),ILO - ILO Modelled Estimates,Sex: Total,"Age (Youth, adults): 15-24",2019,0.04
China,SDG indicator 1.1.1 - Working poverty rate (percentage of employed living below US$1.90 PPP) (%),ILO - ILO Modelled Estimates,Sex: Total,"Age (Youth, adults): 15-24",2019,0.37
Côte d'Ivoire,SDG indicator 1.1.1 - Working poverty rate (percentage of employed living below US$1.90 PPP) (%),ILO - ILO Modelled Estimates,Sex: Total,"Age (Youth, adults): 15-24",2019,24.65
Cameroon,SDG indicator 1.1.1 - Working poverty rate (percentage of employed living below US$1.90 PPP) (%),ILO - ILO Modelled Estimates,Sex: Total,"Age (Youth, adults): 15-24",2019,19.83
"Congo, Democratic Republic of the",SDG indicator 1.1.1 - Working poverty rate (percentage of employed living below US$1.90 PPP) (%),ILO - ILO Modelled Estimates,Sex: Total,"Age (Youth, adults): 15-24",2019,69.58
Congo,SDG indicator 1.1.1 - Working poverty rate (percentage of employed living below US$1.90 PPP) (%),ILO - ILO Modelled Estimates,Sex: Total,"Age (Youth, adults): 15-24",2019,50.06
Colombia,SDG indicator 1.1.1 - Working poverty rate (percentage of employed living below US$1.90 PPP) (%),ILO - ILO Modelled Estimates,Sex: Total,"Age (Youth, adults): 15-24",2019,1.45
Comoros,SDG indicator 1.1.1 - Working poverty rate (percentage of employed living below US$1.90 PPP) (%),ILO - ILO Modelled Estimates,Sex: Total,"Age (Youth, adults): 15-24",2019,20.23
Cape Verde,SDG indicator 1.1.1 - Working poverty rate (percentage of employed living below US$1.90 PPP) (%),ILO - ILO Modelled Estimates,Sex: Total,"Age (Youth, adults): 15-24",2019,1.41
Costa Rica,SDG indicator 1.1.1 - Working poverty rate (percentage of employed living below US$1.90 PPP) (%),ILO - ILO Modelled Estimates,Sex: Total,"Age (Youth, adults): 15-24",2019,0.29
Cuba,SDG indicator 1.1.1 - Working poverty rate (percentage of employed living below US$1.90 PPP) (%),ILO - ILO Modelled Estimates,Sex: Total,"Age (Youth, adults): 15-24",2019,0.29
Dominican Republic,SDG indicator 1.1.1 - Working poverty rate (percentage of employed living below US$1.90 PPP) (%),ILO - ILO Modelled Estimates,Sex: Total,"Age (Youth, adults): 15-24",2019,0.25
Algeria,SDG indicator 1.1.1 - Working poverty rate (percentage of employed living below US$1.90 PPP) (%),ILO - ILO Modelled Estimates,Sex: Total,"Age (Youth, adults): 15-24",2019,0.09
Ecuador,SDG indicator 1.1.1 - Working poverty rate (percentage of employed living below US$1.90 PPP) (%),ILO - ILO Modelled Estimates,Sex: Total,"Age (Youth, adults): 15-24",2019,4.43
Egypt,SDG indicator 1.1.1 - Working poverty rate (percentage of employed living below US$1.90 PPP) (%),ILO - ILO Modelled Estimates,Sex: Total,"Age (Youth, adults): 15-24",2019,2.82
Eritrea,SDG indicator 1.1.1 - Working poverty rate (percentage of employed living below US$1.90 PPP) (%),ILO - ILO Modelled Estimates,Sex: Total,"Age (Youth, adults): 15-24",2019,55.75
Ethiopia,SDG indicator 1.1.1 - Working poverty rate (percentage of employed living below US$1.90 PPP) (%),ILO - ILO Modelled Estimates,Sex: Total,"Age (Youth, adults): 15-24",2019,23
Fiji,SDG indicator 1.1.1 - Working poverty rate (percentage of employed living below US$1.90 PPP) (%),ILO - ILO Modelled Estimates,Sex: Total,"Age (Youth, adults): 15-24",2019,0.07
Gabon,SDG indicator 1.1.1 - Working poverty rate (percentage of employed living below US$1.90 PPP) (%),ILO - ILO Modelled Estimates,Sex: Total,"Age (Youth, adults): 15-24",2019,2.48
Georgia,SDG indicator 1.1.1 - Working poverty rate (percentage of employed living below US$1.90 PPP) (%),ILO - ILO Modelled Estimates,Sex: Total,"Age (Youth, adults): 15-24",2019,3.81
Ghana,SDG indicator 1.1.1 - Working poverty rate (percentage of employed living below US$1.90 PPP) (%),ILO - ILO Modelled Estimates,Sex: Total,"Age (Youth, adults): 15-24",2019,11.06
Guinea,SDG indicator 1.1.1 - Working poverty rate (percentage of employed living below US$1.90 PPP) (%),ILO - ILO Modelled Estimates,Sex: Total,"Age (Youth, adults): 15-24",2019,33.22
Gambia,SDG indicator 1.1.1 - Working poverty rate (percentage of employed living below US$1.90 PPP) (%),ILO - ILO Modelled Estimates,Sex: Total,"Age (Youth, adults): 15-24",2019,9.93
Guinea-Bissau,SDG indicator 1.1.1 - Working poverty rate (percentage of employed living below US$1.90 PPP) (%),ILO - ILO Modelled Estimates,Sex: Total,"Age (Youth, adults): 15-24",2019,62.98
Equatorial Guinea,SDG indicator 1.1.1 - Working poverty rate (percentage of employed living below US$1.90 PPP) (%),ILO - ILO Modelled Estimates,Sex: Total,"Age (Youth, adults): 15-24",2019,9.34
Guatemala,SDG indicator 1.1.1 - Working poverty rate (percentage of employed living below US$1.90 PPP) (%),ILO - ILO Modelled Estimates,Sex: Total,"Age (Youth, adults): 15-24",2019,6.34
Guyana,SDG indicator 1.1.1 - Working poverty rate (percentage of employed living below US$1.90 PPP) (%),ILO - ILO Modelled Estimates,Sex: Total,"Age (Youth, adults): 15-24",2019,2
"Hong Kong, China",SDG indicator 1.1.1 - Working poverty rate (percentage of employed living below US$1.90 PPP) (%),ILO - ILO Modelled Estimates,Sex: Total,"Age (Youth, adults): 15-24",2019,0
Honduras,SDG indicator 1.1.1 - Working poverty rate (percentage of employed living below US$1.90 PPP) (%),ILO - ILO Modelled Estimates,Sex: Total,"Age (Youth, adults): 15-24",2019,14.58
Haiti,SDG indicator 1.1.1 - Working poverty rate (percentage of employed living below US$1.90 PPP) (%),ILO - ILO Modelled Estimates,Sex: Total,"Age (Youth, adults): 15-24",2019,13.6
Indonesia,SDG indicator 1.1.1 - Working poverty rate (percentage of employed living below US$1.90 PPP) (%),ILO - ILO Modelled Estimates,Sex: Total,"Age (Youth, adults): 15-24",2019,3.68
India,SDG indicator 1.1.1 - Working poverty rate (percentage of employed living below US$1.90 PPP) (%),ILO - ILO Modelled Estimates,Sex: Total,"Age (Youth, adults): 15-24",2019,10.35
"Iran, Islamic Republic of",SDG indicator 1.1.1 - Working poverty rate (percentage of employed living below US$1.90 PPP) (%),ILO - ILO Modelled Estimates,Sex: Total,"Age (Youth, adults): 15-24",2019,0.15
Iraq,SDG indicator 1.1.1 - Working poverty rate (percentage of employed living below US$1.90 PPP) (%),ILO - ILO Modelled Estimates,Sex: Total,"Age (Youth, adults): 15-24",2019,0.28
Jamaica,SDG indicator 1.1.1 - Working poverty rate (percentage of employed living below US$1.90 PPP) (%),ILO - ILO Modelled Estimates,Sex: Total,"Age (Youth, adults): 15-24",2019,0.41
Jordan,SDG indicator 1.1.1 - Working poverty rate (percentage of employed living below US$1.90 PPP) (%),ILO - ILO Modelled Estimates,Sex: Total,"Age (Youth, adults): 15-24",2019,0.33
Kazakhstan,SDG indicator 1.1.1 - Working poverty rate (percentage of employed living below US$1.90 PPP) (%),ILO - ILO Modelled Estimates,Sex: Total,"Age (Youth, adults): 15-24",2019,0.01
Kenya,SDG indicator 1.1.1 - Working poverty rate (percentage of employed living below US$1.90 PPP) (%),ILO - ILO Modelled Estimates,Sex: Total,"Age (Youth, adults): 15-24",2019,33.64
Kyrgyzstan,SDG indicator 1.1.1 - Working poverty rate (percentage of employed living below US$1.90 PPP) (%),ILO - ILO Modelled Estimates,Sex: Total,"Age (Youth, adults): 15-24",2019,0.14
Cambodia,SDG indicator 1.1.1 - Working poverty rate (percentage of employed living below US$1.90 PPP) (%),ILO - ILO Modelled Estimates,Sex: Total,"Age (Youth, adults): 15-24",2019,11.78
"Korea, Republic of",SDG indicator 1.1.1 - Working poverty rate (percentage of employed living below US$1.90 PPP) (%),ILO - ILO Modelled Estimates,Sex: Total,"Age (Youth, adults): 15-24",2019,0
Kuwait,SDG indicator 1.1.1 - Working poverty rate (percentage of employed living below US$1.90 PPP) (%),ILO - ILO Modelled Estimates,Sex: Total,"Age (Youth, adults): 15-24",2019,0.05
Lao People's Democratic Republic,SDG indicator 1.1.1 - Working poverty rate (percentage of employed living below US$1.90 PPP) (%),ILO - ILO Modelled Estimates,Sex: Total,"Age (Youth, adults): 15-24",2019,10.65
Lebanon,SDG indicator 1.1.1 - Working poverty rate (percentage of employed living below US$1.90 PPP) (%),ILO - ILO Modelled Estimates,Sex: Total,"Age (Youth, adults): 15-24",2019,0.09
Liberia,SDG indicator 1.1.1 - Working poverty rate (percentage of employed living below US$1.90 PPP) (%),ILO - ILO Modelled Estimates,Sex: Total,"Age (Youth, adults): 15-24",2019,52.88
Libya,SDG indicator 1.1.1 - Working poverty rate (percentage of employed living below US$1.90 PPP) (%),ILO - ILO Modelled Estimates,Sex: Total,"Age (Youth, adults): 15-24",2019,0.13
Sri Lanka,SDG indicator 1.1.1 - Working poverty rate (percentage of employed living below US$1.90 PPP) (%),ILO - ILO Modelled Estimates,Sex: Total,"Age (Youth, adults): 15-24",2019,0.53
Lesotho,SDG indicator 1.1.1 - Working poverty rate (percentage of employed living below US$1.90 PPP) (%),ILO - ILO Modelled Estimates,Sex: Total,"Age (Youth, adults): 15-24",2019,22.23
"Macau, China",SDG indicator 1.1.1 - Working poverty rate (percentage of employed living below US$1.90 PPP) (%),ILO - ILO Modelled Estimates,Sex: Total,"Age (Youth, adults): 15-24",2019,0
Morocco,SDG indicator 1.1.1 - Working poverty rate (percentage of employed living below US$1.90 PPP) (%),ILO - ILO Modelled Estimates,Sex: Total,"Age (Youth, adults): 15-24",2019,0.3
"Moldova, Republic of",SDG indicator 1.1.1 - Working poverty rate (percentage of employed living below US$1.90 PPP) (%),ILO - ILO Modelled Estimates,Sex: Total,"Age (Youth, adults): 15-24",2019,0.01
Madagascar,SDG indicator 1.1.1 - Working poverty rate (percentage of employed living below US$1.90 PPP) (%),ILO - ILO Modelled Estimates,Sex: Total,"Age (Youth, adults): 15-24",2019,76.21
Maldives,SDG indicator 1.1.1 - Working poverty rate (percentage of employed living below US$1.90 PPP) (%),ILO - ILO Modelled Estimates,Sex: Total,"Age (Youth, adults): 15-24",2019,0.11
Mexico,SDG indicator 1.1.1 - Working poverty rate (percentage of employed living below US$1.90 PPP) (%),ILO - ILO Modelled Estimates,Sex: Total,"Age (Youth, adults): 15-24",2019,1.11
North Macedonia,SDG indicator 1.1.1 - Working poverty rate (percentage of employed living below US$1.90 PPP) (%),ILO - ILO Modelled Estimates,Sex: Total,"Age (Youth, adults): 15-24",2019,1.94
Mali,SDG indicator 1.1.1 - Working poverty rate (percentage of employed living below US$1.90 PPP) (%),ILO - ILO Modelled Estimates,Sex: Total,"Age (Youth, adults): 15-24",2019,46.45
Myanmar,SDG indicator 1.1.1 - Working poverty rate (percentage of employed living below US$1.90 PPP) (%),ILO - ILO Modelled Estimates,Sex: Total,"Age (Youth, adults): 15-24",2019,1.37
Montenegro,SDG indicator 1.1.1 - Working poverty rate (percentage of employed living below US$1.90 PPP) (%),ILO - ILO Modelled Estimates,Sex: Total,"Age (Youth, adults): 15-24",2019,0.1
Mongolia,SDG indicator 1.1.1 - Working poverty rate (percentage of employed living below US$1.90 PPP) (%),ILO - ILO Modelled Estimates,Sex: Total,"Age (Youth, adults): 15-24",2019,0.16
Mozambique,SDG indicator 1.1.1 - Working poverty rate (percentage of employed living below US$1.90 PPP) (%),ILO - ILO Modelled Estimates,Sex: Total,"Age (Youth, adults): 15-24",2019,59.07
Mauritania,SDG indicator 1.1.1 - Working poverty rate (percentage of employed living below US$1.90 PPP) (%),ILO - ILO Modelled Estimates,Sex: Total,"Age (Youth, adults): 15-24",2019,5.5
Mauritius,SDG indicator 1.1.1 - Working poverty rate (percentage of employed living below US$1.90 PPP) (%),ILO - ILO Modelled Estimates,Sex: Total,"Age (Youth, adults): 15-24",2019,0.07
Malawi,SDG indicator 1.1.1 - Working poverty rate (percentage of employed living below US$1.90 PPP) (%),ILO - ILO Modelled Estimates,Sex: Total,"Age (Youth, adults): 15-24",2019,65.72
Malaysia,SDG indicator 1.1.1 - Working poverty rate (percentage of employed living below US$1.90 PPP) (%),ILO - ILO Modelled Estimates,Sex: Total,"Age (Youth, adults): 15-24",2019,0
Namibia,SDG indicator 1.1.1 - Working poverty rate (percentage of employed living below US$1.90 PPP) (%),ILO - ILO Modelled Estimates,Sex: Total,"Age (Youth, adults): 15-24",2019,13.75
Niger,SDG indicator 1.1.1 - Working poverty rate (percentage of employed living below US$1.90 PPP) (%),ILO - ILO Modelled Estimates,Sex: Total,"Age (Youth, adults): 15-24",2019,42.73
Nigeria,SDG indicator 1.1.1 - Working poverty rate (percentage of employed living below US$1.90 PPP) (%),ILO - ILO Modelled Estimates,Sex: Total,"Age (Youth, adults): 15-24",2019,43.39
Nicaragua,SDG indicator 1.1.1 - Working poverty rate (percentage of employed living below US$1.90 PPP) (%),ILO - ILO Modelled Estimates,Sex: Total,"Age (Youth, adults): 15-24",2019,14.7
Nepal,SDG indicator 1.1.1 - Working poverty rate (percentage of employed living below US$1.90 PPP) (%),ILO - ILO Modelled Estimates,Sex: Total,"Age (Youth, adults): 15-24",2019,4.36
Oman,SDG indicator 1.1.1 - Working poverty rate (percentage of employed living below US$1.90 PPP) (%),ILO - ILO Modelled Estimates,Sex: Total,"Age (Youth, adults): 15-24",2019,0.09
Pakistan,SDG indicator 1.1.1 - Working poverty rate (percentage of employed living below US$1.90 PPP) (%),ILO - ILO Modelled Estimates,Sex: Total,"Age (Youth, adults): 15-24",2019,1.44
Panama,SDG indicator 1.1.1 - Working poverty rate (percentage of employed living below US$1.90 PPP) (%),ILO - ILO Modelled Estimates,Sex: Total,"Age (Youth, adults): 15-24",2019,0.65
Peru,SDG indicator 1.1.1 - Working poverty rate (percentage of employed living below US$1.90 PPP) (%),ILO - ILO Modelled Estimates,Sex: Total,"Age (Youth, adults): 15-24",2019,3.3
Philippines,SDG indicator 1.1.1 - Working poverty rate (percentage of employed living below US$1.90 PPP) (%),ILO - ILO Modelled Estimates,Sex: Total,"Age (Youth, adults): 15-24",2019,2.74
Papua New Guinea,SDG indicator 1.1.1 - Working poverty rate (percentage of employed living below US$1.90 PPP) (%),ILO - ILO Modelled Estimates,Sex: Total,"Age (Youth, adults): 15-24",2019,31.92
Puerto Rico,SDG indicator 1.1.1 - Working poverty rate (percentage of employed living below US$1.90 PPP) (%),ILO - ILO Modelled Estimates,Sex: Total,"Age (Youth, adults): 15-24",2019,0
"Korea, Democratic People's Republic of",SDG indicator 1.1.1 - Working poverty rate (percentage of employed living below US$1.90 PPP) (%),ILO - ILO Modelled Estimates,Sex: Total,"Age (Youth, adults): 15-24",2019,21.19
Paraguay,SDG indicator 1.1.1 - Working poverty rate (percentage of employed living below US$1.90 PPP) (%),ILO - ILO Modelled Estimates,Sex: Total,"Age (Youth, adults): 15-24",2019,0.41
Occupied Palestinian Territory,SDG indicator 1.1.1 - Working poverty rate (percentage of employed living below US$1.90 PPP) (%),ILO - ILO Modelled Estimates,Sex: Total,"Age (Youth, adults): 15-24",2019,0.28
Qatar,SDG indicator 1.1.1 - Working poverty rate (percentage of employed living below US$1.90 PPP) (%),ILO - ILO Modelled Estimates,Sex: Total,"Age (Youth, adults): 15-24",2019,0
Russian Federation,SDG indicator 1.1.1 - Working poverty rate (percentage of employed living below US$1.90 PPP) (%),ILO - ILO Modelled Estimates,Sex: Total,"Age (Youth, adults): 15-24",2019,0.01
Rwanda,SDG indicator 1.1.1 - Working poverty rate (percentage of employed living below US$1.90 PPP) (%),ILO - ILO Modelled Estimates,Sex: Total,"Age (Youth, adults): 15-24",2019,48.52
Saudi Arabia,SDG indicator 1.1.1 - Working poverty rate (percentage of employed living below US$1.90 PPP) (%),ILO - ILO Modelled Estimates,Sex: Total,"Age (Youth, adults): 15-24",2019,0
Sudan,SDG indicator 1.1.1 - Working poverty rate (percentage of employed living below US$1.90 PPP) (%),ILO - ILO Modelled Estimates,Sex: Total,"Age (Youth, adults): 15-24",2019,5.97
Senegal,SDG indicator 1.1.1 - Working poverty rate (percentage of employed living below US$1.90 PPP) (%),ILO - ILO Modelled Estimates,Sex: Total,"Age (Youth, adults): 15-24",2019,37.72
Singapore,SDG indicator 1.1.1 - Working poverty rate (percentage of employed living below US$1.90 PPP) (%),ILO - ILO Modelled Estimates,Sex: Total,"Age (Youth, adults): 15-24",2019,0
Solomon Islands,SDG indicator 1.1.1 - Working poverty rate (percentage of employed living below US$1.90 PPP) (%),ILO - ILO Modelled Estimates,Sex: Total,"Age (Youth, adults): 15-24",2019,25.9
Sierra Leone,SDG indicator 1.1.1 - Working poverty rate (percentage of employed living below US$1.90 PPP) (%),ILO - ILO Modelled Estimates,Sex: Total,"Age (Youth, adults): 15-24",2019,53.45
El Salvador,SDG indicator 1.1.1 - Working poverty rate (percentage of employed living below US$1.90 PPP) (%),ILO - ILO Modelled Estimates,Sex: Total,"Age (Youth, adults): 15-24",2019,0.7
Somalia,SDG indicator 1.1.1 - Working poverty rate (percentage of employed living below US$1.90 PPP) (%),ILO - ILO Modelled Estimates,Sex: Total,"Age (Youth, adults): 15-24",2019,96.16
Serbia,SDG indicator 1.1.1 - Working poverty rate (percentage of employed living below US$1.90 PPP) (%),ILO - ILO Modelled Estimates,Sex: Total,"Age (Youth, adults): 15-24",2019,0.03
Suriname,SDG indicator 1.1.1 - Working poverty rate (percentage of employed living below US$1.90 PPP) (%),ILO - ILO Modelled Estimates,Sex: Total,"Age (Youth, adults): 15-24",2019,10
Eswatini,SDG indicator 1.1.1 - Working poverty rate (percentage of employed living below US$1.90 PPP) (%),ILO - ILO Modelled Estimates,Sex: Total,"Age (Youth, adults): 15-24",2019,29.9
Syrian Arab Republic,SDG indicator 1.1.1 - Working poverty rate (percentage of employed living below US$1.90 PPP) (%),ILO - ILO Modelled Estimates,Sex: Total,"Age (Youth, adults): 15-24",2019,31.97
Chad,SDG indicator 1.1.1 - Working poverty rate (percentage of employed living below US$1.90 PPP) (%),ILO - ILO Modelled Estimates,Sex: Total,"Age (Youth, adults): 15-24",2019,45.11
Togo,SDG indicator 1.1.1 - Working poverty rate (percentage of employed living below US$1.90 PPP) (%),ILO - ILO Modelled Estimates,Sex: Total,"Age (Youth, adults): 15-24",2019,42.91
Thailand,SDG indicator 1.1.1 - Working poverty rate (percentage of employed living below US$1.90 PPP) (%),ILO - ILO Modelled Estimates,Sex: Total,"Age (Youth, adults): 15-24",2019,0.01
Tajikistan,SDG indicator 1.1.1 - Working poverty rate (percentage of employed living below US$1.90 PPP) (%),ILO - ILO Modelled Estimates,Sex: Total,"Age (Youth, adults): 15-24",2019,1.96
Turkmenistan,SDG indicator 1.1.1 - Working poverty rate (percentage of employed living below US$1.90 PPP) (%),ILO - ILO Modelled Estimates,Sex: Total,"Age (Youth, adults): 15-24",2019,0.32
Timor-Leste,SDG indicator 1.1.1 - Working poverty rate (percentage of employed living below US$1.90 PPP) (%),ILO - ILO Modelled Estimates,Sex: Total,"Age (Youth, adults): 15-24",2019,20.06
Trinidad and Tobago,SDG indicator 1.1.1 - Working poverty rate (percentage of employed living below US$1.90 PPP) (%),ILO - ILO Modelled Estimates,Sex: Total,"Age (Youth, adults): 15-24",2019,0.08
Tunisia,SDG indicator 1.1.1 - Working poverty rate (percentage of employed living below US$1.90 PPP) (%),ILO - ILO Modelled Estimates,Sex: Total,"Age (Youth, adults): 15-24",2019,0.05
Turkey,SDG indicator 1.1.1 - Working poverty rate (percentage of employed living below US$1.90 PPP) (%),ILO - ILO Modelled Estimates,Sex: Total,"Age (Youth, adults): 15-24",2019,0.01
"Taiwan, China",SDG indicator 1.1.1 - Working poverty rate (percentage of employed living below US$1.90 PPP) (%),ILO - ILO Modelled Estimates,Sex: Total,"Age (Youth, adults): 15-24",2019,0.05
"Tanzania, United Republic of",SDG indicator 1.1.1 - Working poverty rate (percentage of employed living below US$1.90 PPP) (%),ILO - ILO Modelled Estimates,Sex: Total,"Age (Youth, adults): 15-24",2019,48.34
Uganda,SDG indicator 1.1.1 - Working poverty rate (percentage of employed living below US$1.90 PPP) (%),ILO - ILO Modelled Estimates,Sex: Total,"Age (Youth, adults): 15-24",2019,35.75
Ukraine,SDG indicator 1.1.1 - Working poverty rate (percentage of employed living below US$1.90 PPP) (%),ILO - ILO Modelled Estimates,Sex: Total,"Age (Youth, adults): 15-24",2019,0
Uruguay,SDG indicator 1.1.1 - Working poverty rate (percentage of employed living below US$1.90 PPP) (%),ILO - ILO Modelled Estimates,Sex: Total,"Age (Youth, adults): 15-24",2019,0.01
Uzbekistan,SDG indicator 1.1.1 - Working poverty rate (percentage of employed living below US$1.90 PPP) (%),ILO - ILO Modelled Estimates,Sex: Total,"Age (Youth, adults): 15-24",2019,8.08
"Venezuela, Bolivarian Republic of",SDG indicator 1.1.1 - Working poverty rate (percentage of employed living below US$1.90 PPP) (%),ILO - ILO Modelled Estimates,Sex: Total,"Age (Youth, adults): 15-24",2019,16.42
Viet Nam,SDG indicator 1.1.1 - Working poverty rate (percentage of employed living below US$1.90 PPP) (%),ILO - ILO Modelled Estimates,Sex: Total,"Age (Youth, adults): 15-24",2019,3.57
World,SDG indicator 1.1.1 - Working poverty rate (percentage of employed living below US$1.90 PPP) (%),ILO - ILO Modelled Estimates,Sex: Total,"Age (Youth, adults): 15-24",2019,11.98
World: Low income,SDG indicator 1.1.1 - Working poverty rate (percentage of employed living below US$1.90 PPP) (%),ILO - ILO Modelled Estimates,Sex: Total,"Age (Youth, adults): 15-24",2019,41.67
World: Lower-middle income,SDG indicator 1.1.1 - Working poverty rate (percentage of employed living below US$1.90 PPP) (%),ILO - ILO Modelled Estimates,Sex: Total,"Age (Youth, adults): 15-24",2019,14.71
World: Upper-middle income,SDG indicator 1.1.1 - Working poverty rate (percentage of employed living below US$1.90 PPP) (%),ILO - ILO Modelled Estimates,Sex: Total,"Age (Youth, adults): 15-24",2019,1.34
World: High income,SDG indicator 1.1.1 - Working poverty rate (percentage of employed living below US$1.90 PPP) (%),ILO - ILO Modelled Estimates,Sex: Total,"Age (Youth, adults): 15-24",2019,0
Africa,SDG indicator 1.1.1 - Working poverty rate (percentage of employed living below US$1.90 PPP) (%),ILO - ILO Modelled Estimates,Sex: Total,"Age (Youth, adults): 15-24",2019,38.96
Americas,SDG indicator 1.1.1 - Working poverty rate (percentage of employed living below US$1.90 PPP) (%),ILO - ILO Modelled Estimates,Sex: Total,"Age (Youth, adults): 15-24",2019,1.95
Arab States,SDG indicator 1.1.1 - Working poverty rate (percentage of employed living below US$1.90 PPP) (%),ILO - ILO Modelled Estimates,Sex: Total,"Age (Youth, adults): 15-24",2019,13.1
Asia and the Pacific,SDG indicator 1.1.1 - Working poverty rate (percentage of employed living below US$1.90 PPP) (%),ILO - ILO Modelled Estimates,Sex: Total,"Age (Youth, adults): 15-24",2019,4.66
Europe and Central Asia,SDG indicator 1.1.1 - Working poverty rate (percentage of employed living below US$1.90 PPP) (%),ILO - ILO Modelled Estimates,Sex: Total,"Age (Youth, adults): 15-24",2019,0.51
Yemen,SDG indicator 1.1.1 - Working poverty rate (percentage of employed living below US$1.90 PPP) (%),ILO - ILO Modelled Estimates,Sex: Total,"Age (Youth, adults): 15-24",2019,45.34
South Africa,SDG indicator 1.1.1 - Working poverty rate (percentage of employed living below US$1.90 PPP) (%),ILO - ILO Modelled Estimates,Sex: Total,"Age (Youth, adults): 15-24",2019,7.42
Zambia,SDG indicator 1.1.1 - Working poverty rate (percentage of employed living below US$1.90 PPP) (%),ILO - ILO Modelled Estimates,Sex: Total,"Age (Youth, adults): 15-24",2019,58.58
Zimbabwe,SDG indicator 1.1.1 - Working poverty rate (percentage of employed living below US$1.90 PPP) (%),ILO - ILO Modelled Estimates,Sex: Total,"Age (Youth, adults): 15-24",2019,33.96
